web-scraper-order,web-scraper-start-url,typelink,typelink-href,fundname,imagesrc,fundSize
"1700801271-5558","https://www.etmoney.com/mutual-funds/explore","Equity FoFFunds that invests in other equity schemes","https://www.etmoney.com/mutual-funds/equity/equity-fof/89","ICICI Prudential Thematic Advantage Fund (FOF)","https://img.smartspends.com/static/images/amc_logo/icici.png","₹1,270 Crs"
"1700801271-5559","https://www.etmoney.com/mutual-funds/explore","Equity FoFFunds that invests in other equity schemes","https://www.etmoney.com/mutual-funds/equity/equity-fof/89","ICICI Prudential Passive Strategy Fund (FOF)","https://img.smartspends.com/static/images/amc_logo/icici.png","₹118 Crs"
"1700801271-5560","https://www.etmoney.com/mutual-funds/explore","Equity FoFFunds that invests in other equity schemes","https://www.etmoney.com/mutual-funds/equity/equity-fof/89","Quantum Equity FoF Scheme","https://img.smartspends.com/static/images/amc_logo/quantum.png","₹98 Crs"
"1700801271-5561","https://www.etmoney.com/mutual-funds/explore","Equity FoFFunds that invests in other equity schemes","https://www.etmoney.com/mutual-funds/equity/equity-fof/89","Axis Equity ETFs FoF","https://img.smartspends.com/static/images/amc_logo/axis.png","₹15 Crs"
"1700801271-5562","https://www.etmoney.com/mutual-funds/explore","Equity FoFFunds that invests in other equity schemes","https://www.etmoney.com/mutual-funds/equity/equity-fof/89","ICICI Prudential India Equity FOF","https://img.smartspends.com/static/images/amc_logo/icici.png","₹79 Crs"
"1700801271-5563","https://www.etmoney.com/mutual-funds/explore","Equity FoFFunds that invests in other equity schemes","https://www.etmoney.com/mutual-funds/equity/equity-fof/89","ICICI Prudential Nifty 100 Low Volatility 30 ETF FOF","https://img.smartspends.com/static/images/amc_logo/icici.png","₹786 Crs"
"1700801271-5564","https://www.etmoney.com/mutual-funds/explore","Equity FoFFunds that invests in other equity schemes","https://www.etmoney.com/mutual-funds/equity/equity-fof/89","ICICI Prudential Nifty Alpha Low - Volatility 30 ETF FOF","https://img.smartspends.com/static/images/amc_logo/icici.png","₹265 Crs"
"1700801271-5565","https://www.etmoney.com/mutual-funds/explore","Equity FoFFunds that invests in other equity schemes","https://www.etmoney.com/mutual-funds/equity/equity-fof/89","ICICI Prudential S&P BSE 500 ETF FOF","https://img.smartspends.com/static/images/amc_logo/icici.png","₹52 Crs"
"1700801271-5566","https://www.etmoney.com/mutual-funds/explore","Equity FoFFunds that invests in other equity schemes","https://www.etmoney.com/mutual-funds/equity/equity-fof/89","Mirae Asset Equity Allocator FoF","https://img.smartspends.com/static/images/amc_logo/mirae.png","₹523 Crs"
"1700801271-5567","https://www.etmoney.com/mutual-funds/explore","Equity FoFFunds that invests in other equity schemes","https://www.etmoney.com/mutual-funds/equity/equity-fof/89","Mirae Asset Nifty 100 ESG Sector Leaders FoF","https://img.smartspends.com/static/images/amc_logo/mirae.png","₹108 Crs"
"1700801271-5568","https://www.etmoney.com/mutual-funds/explore","Equity FoFFunds that invests in other equity schemes","https://www.etmoney.com/mutual-funds/equity/equity-fof/89","Mirae Asset Nifty India Manufacturing ETF FoF","https://img.smartspends.com/static/images/amc_logo/mirae.png","₹53 Crs"
"1700801271-5569","https://www.etmoney.com/mutual-funds/explore","Equity FoFFunds that invests in other equity schemes","https://www.etmoney.com/mutual-funds/equity/equity-fof/89","Nippon India Nifty Next 50 Junior BeES FoF","https://static.smartspends.com/static/images/short_providers_logos/nippon_mf.jpg","₹207 Crs"
"1700801271-5570","https://www.etmoney.com/mutual-funds/explore","Equity FoFFunds that invests in other equity schemes","https://www.etmoney.com/mutual-funds/equity/equity-fof/89","Nippon India Passive Flexicap FoF","https://static.smartspends.com/static/images/short_providers_logos/nippon_mf.jpg","₹189 Crs"
"1700801271-5571","https://www.etmoney.com/mutual-funds/explore","Equity FoFFunds that invests in other equity schemes","https://www.etmoney.com/mutual-funds/equity/equity-fof/89","Quantum Nifty 50 ETF FoF","https://img.smartspends.com/static/images/amc_logo/quantum.png","₹22 Crs"
"1700801271-5572","https://www.etmoney.com/mutual-funds/explore","Equity FoFFunds that invests in other equity schemes","https://www.etmoney.com/mutual-funds/equity/equity-fof/89","Tata Nifty India Digital ETF FoF","https://img.smartspends.com/static/images/amc_logo/tata.png","₹38 Crs"
"1700801274-5573","https://www.etmoney.com/mutual-funds/explore","ContraInvests against the prevailing market trends","https://www.etmoney.com/mutual-funds/equity/contra/83","Kotak India EQ Contra Fund","https://img.smartspends.com/static/images/amc_logo/kotak.png","₹1,843 Crs"
"1700801274-5574","https://www.etmoney.com/mutual-funds/explore","ContraInvests against the prevailing market trends","https://www.etmoney.com/mutual-funds/equity/contra/83","Invesco India Contra Fund","https://img.smartspends.com/static/images/amc_logo/invesco.png","₹11,116 Crs"
"1700801277-5575","https://www.etmoney.com/mutual-funds/explore","InternationalInvests in world's top stocks","https://www.etmoney.com/mutual-funds/equity/international/50","DSP US Flexible Equity Fund","https://img.smartspends.com/static/images/amc_logo/dsp.png","₹725 Crs"
"1700801277-5576","https://www.etmoney.com/mutual-funds/explore","InternationalInvests in world's top stocks","https://www.etmoney.com/mutual-funds/equity/international/50","Invesco India - Invesco Global Equity Income FoF","https://img.smartspends.com/static/images/amc_logo/invesco.png","₹17 Crs"
"1700801277-5577","https://www.etmoney.com/mutual-funds/explore","InternationalInvests in world's top stocks","https://www.etmoney.com/mutual-funds/equity/international/50","Sundaram Global Brand Fund","https://img.smartspends.com/static/images/amc_logo/sundaram.png","₹109 Crs"
"1700801277-5578","https://www.etmoney.com/mutual-funds/explore","InternationalInvests in world's top stocks","https://www.etmoney.com/mutual-funds/equity/international/50","Nippon India US Equity Opportunities Fund","https://static.smartspends.com/static/images/short_providers_logos/nippon_mf.jpg","₹563 Crs"
"1700801277-5579","https://www.etmoney.com/mutual-funds/explore","InternationalInvests in world's top stocks","https://www.etmoney.com/mutual-funds/equity/international/50","PGIM India Global Equity Opportunities Fund","https://img.smartspends.com/static/images/amc_logo/pgim-india.png","₹1,285 Crs"
"1700801277-5580","https://www.etmoney.com/mutual-funds/explore","InternationalInvests in world's top stocks","https://www.etmoney.com/mutual-funds/equity/international/50","DSP World Mining Fund","https://img.smartspends.com/static/images/amc_logo/dsp.png","₹159 Crs"
"1700801277-5581","https://www.etmoney.com/mutual-funds/explore","InternationalInvests in world's top stocks","https://www.etmoney.com/mutual-funds/equity/international/50","Invesco India - Invesco Pan European Equity FoF","https://img.smartspends.com/static/images/amc_logo/invesco.png","₹33 Crs"
"1700801277-5582","https://www.etmoney.com/mutual-funds/explore","InternationalInvests in world's top stocks","https://www.etmoney.com/mutual-funds/equity/international/50","Franklin India Feeder Franklin US Opportunities Fund","https://img.smartspends.com/static/images/amc_logo/franklin-templeton.png","₹2,896 Crs"
"1700801277-5583","https://www.etmoney.com/mutual-funds/explore","InternationalInvests in world's top stocks","https://www.etmoney.com/mutual-funds/equity/international/50","Edelweiss US Value Equity Offshore Fund","https://img.smartspends.com/static/images/amc_logo/edelweiss.png","₹85 Crs"
"1700801277-5584","https://www.etmoney.com/mutual-funds/explore","InternationalInvests in world's top stocks","https://www.etmoney.com/mutual-funds/equity/international/50","Edelweiss Europe Dynamic Equity Offshore Fund","https://img.smartspends.com/static/images/amc_logo/edelweiss.png","₹71 Crs"
"1700801277-5585","https://www.etmoney.com/mutual-funds/explore","InternationalInvests in world's top stocks","https://www.etmoney.com/mutual-funds/equity/international/50","Aditya Birla Sun Life Global Excellence Equity FoF","https://img.smartspends.com/static/images/amc_logo/absl.png","₹150 Crs"
"1700801277-5586","https://www.etmoney.com/mutual-funds/explore","InternationalInvests in world's top stocks","https://www.etmoney.com/mutual-funds/equity/international/50","ICICI Prudential Global Stable Equity Fund (FOF)","https://img.smartspends.com/static/images/amc_logo/icici.png","₹109 Crs"
"1700801277-5587","https://www.etmoney.com/mutual-funds/explore","InternationalInvests in world's top stocks","https://www.etmoney.com/mutual-funds/equity/international/50","Aditya Birla Sun Life Global Emerging Opportunities Fund","https://img.smartspends.com/static/images/amc_logo/absl.png","₹228 Crs"
"1700801277-5588","https://www.etmoney.com/mutual-funds/explore","InternationalInvests in world's top stocks","https://www.etmoney.com/mutual-funds/equity/international/50","Aditya Birla Sun Life International Equity Fund","https://img.smartspends.com/static/images/amc_logo/absl.png","₹183 Crs"
"1700801277-5589","https://www.etmoney.com/mutual-funds/explore","InternationalInvests in world's top stocks","https://www.etmoney.com/mutual-funds/equity/international/50","DSP World Energy Fund","https://img.smartspends.com/static/images/amc_logo/dsp.png","₹138 Crs"
"1700801277-5590","https://www.etmoney.com/mutual-funds/explore","InternationalInvests in world's top stocks","https://www.etmoney.com/mutual-funds/equity/international/50","DSP Global Allocation Fund","https://img.smartspends.com/static/images/amc_logo/dsp.png","₹53 Crs"
"1700801277-5591","https://www.etmoney.com/mutual-funds/explore","InternationalInvests in world's top stocks","https://www.etmoney.com/mutual-funds/equity/international/50","Nippon India Japan Equity Fund","https://static.smartspends.com/static/images/short_providers_logos/nippon_mf.jpg","₹269 Crs"
"1700801277-5592","https://www.etmoney.com/mutual-funds/explore","InternationalInvests in world's top stocks","https://www.etmoney.com/mutual-funds/equity/international/50","Kotak Global Emerging Market Fund","https://img.smartspends.com/static/images/amc_logo/kotak.png","₹92 Crs"
"1700801277-5593","https://www.etmoney.com/mutual-funds/explore","InternationalInvests in world's top stocks","https://www.etmoney.com/mutual-funds/equity/international/50","Franklin India Feeder - Templeton European Opportunities Fund","https://img.smartspends.com/static/images/amc_logo/franklin-templeton.png","₹16 Crs"
"1700801277-5594","https://www.etmoney.com/mutual-funds/explore","InternationalInvests in world's top stocks","https://www.etmoney.com/mutual-funds/equity/international/50","Edelweiss ASEAN Equity Off Shore Fund","https://img.smartspends.com/static/images/amc_logo/edelweiss.png","₹64 Crs"
"1700801277-5595","https://www.etmoney.com/mutual-funds/explore","InternationalInvests in world's top stocks","https://www.etmoney.com/mutual-funds/equity/international/50","DSP World Gold FoF","https://img.smartspends.com/static/images/amc_logo/dsp.png","₹733 Crs"
"1700801277-5596","https://www.etmoney.com/mutual-funds/explore","InternationalInvests in world's top stocks","https://www.etmoney.com/mutual-funds/equity/international/50","Franklin Asian Equity Fund","https://img.smartspends.com/static/images/amc_logo/franklin-templeton.png","₹250 Crs"
"1700801277-5597","https://www.etmoney.com/mutual-funds/explore","InternationalInvests in world's top stocks","https://www.etmoney.com/mutual-funds/equity/international/50","Edelweiss Emerging Markets Opportunities Equity Offshore Fund","https://img.smartspends.com/static/images/amc_logo/edelweiss.png","₹116 Crs"
"1700801277-5598","https://www.etmoney.com/mutual-funds/explore","InternationalInvests in world's top stocks","https://www.etmoney.com/mutual-funds/equity/international/50","Edelweiss Greater China Equity Off-shore Fund","https://img.smartspends.com/static/images/amc_logo/edelweiss.png","₹1,332 Crs"
"1700801277-5599","https://www.etmoney.com/mutual-funds/explore","InternationalInvests in world's top stocks","https://www.etmoney.com/mutual-funds/equity/international/50","DSP World Agriculture Fund","https://img.smartspends.com/static/images/amc_logo/dsp.png","₹17 Crs"
"1700801277-5600","https://www.etmoney.com/mutual-funds/explore","InternationalInvests in world's top stocks","https://www.etmoney.com/mutual-funds/equity/international/50","PGIM India Emerging Markets Equity Fund","https://img.smartspends.com/static/images/amc_logo/pgim-india.png","₹104 Crs"
"1700801277-5601","https://www.etmoney.com/mutual-funds/explore","InternationalInvests in world's top stocks","https://www.etmoney.com/mutual-funds/equity/international/50","Aditya Birla Sun Life NASDAQ 100 FOF","https://img.smartspends.com/static/images/amc_logo/absl.png","₹278 Crs"
"1700801277-5602","https://www.etmoney.com/mutual-funds/explore","InternationalInvests in world's top stocks","https://www.etmoney.com/mutual-funds/equity/international/50","Axis Global Equity Alpha FoF","https://img.smartspends.com/static/images/amc_logo/axis.png","₹860 Crs"
"1700801277-5603","https://www.etmoney.com/mutual-funds/explore","InternationalInvests in world's top stocks","https://www.etmoney.com/mutual-funds/equity/international/50","Axis Global Innovation FoF","https://img.smartspends.com/static/images/amc_logo/axis.png","₹691 Crs"
"1700801277-5604","https://www.etmoney.com/mutual-funds/explore","InternationalInvests in world's top stocks","https://www.etmoney.com/mutual-funds/equity/international/50","Axis Greater China Equity FoF","https://img.smartspends.com/static/images/amc_logo/axis.png","₹128 Crs"
"1700801277-5605","https://www.etmoney.com/mutual-funds/explore","InternationalInvests in world's top stocks","https://www.etmoney.com/mutual-funds/equity/international/50","Axis NASDAQ 100 FoF","https://img.smartspends.com/static/images/amc_logo/axis.png","₹116 Crs"
"1700801277-5606","https://www.etmoney.com/mutual-funds/explore","InternationalInvests in world's top stocks","https://www.etmoney.com/mutual-funds/equity/international/50","Bandhan US Equity FoF","https://img.smartspends.com/static/images/amc_logo/bandhan.png","₹261 Crs"
"1700801277-5607","https://www.etmoney.com/mutual-funds/explore","InternationalInvests in world's top stocks","https://www.etmoney.com/mutual-funds/equity/international/50","Baroda BNP Paribas Aqua FoF","https://img.smartspends.com/static/images/amc_logo/baroda-bnp-paribas.png","₹65 Crs"
"1700801277-5608","https://www.etmoney.com/mutual-funds/explore","InternationalInvests in world's top stocks","https://www.etmoney.com/mutual-funds/equity/international/50","DSP Global Innovation FoF","https://img.smartspends.com/static/images/amc_logo/dsp.png","₹539 Crs"
"1700801277-5609","https://www.etmoney.com/mutual-funds/explore","InternationalInvests in world's top stocks","https://www.etmoney.com/mutual-funds/equity/international/50","Edelweiss US Technology Equity FoF","https://img.smartspends.com/static/images/amc_logo/edelweiss.png","₹1,762 Crs"
"1700801277-5610","https://www.etmoney.com/mutual-funds/explore","InternationalInvests in world's top stocks","https://www.etmoney.com/mutual-funds/equity/international/50","HDFC Developed World Indexes FoF","https://img.smartspends.com/static/images/amc_logo/hdfc.png","₹1,034 Crs"
"1700801277-5611","https://www.etmoney.com/mutual-funds/explore","InternationalInvests in world's top stocks","https://www.etmoney.com/mutual-funds/equity/international/50","ICICI Prudential Global Advantage Fund (FOF)","https://img.smartspends.com/static/images/amc_logo/icici.png","₹331 Crs"
"1700801277-5612","https://www.etmoney.com/mutual-funds/explore","InternationalInvests in world's top stocks","https://www.etmoney.com/mutual-funds/equity/international/50","ICICI Prudential Strategic Metal and Energy Equity FoF","https://img.smartspends.com/static/images/amc_logo/icici.png","₹94 Crs"
"1700801277-5613","https://www.etmoney.com/mutual-funds/explore","InternationalInvests in world's top stocks","https://www.etmoney.com/mutual-funds/equity/international/50","Invesco India - Invesco EQQQ NASDAQ-100 ETF FoF","https://img.smartspends.com/static/images/amc_logo/invesco.png","₹304 Crs"
"1700801277-5614","https://www.etmoney.com/mutual-funds/explore","InternationalInvests in world's top stocks","https://www.etmoney.com/mutual-funds/equity/international/50","Invesco India - Invesco Global Consumer Trends FoF","https://img.smartspends.com/static/images/amc_logo/invesco.png","₹318 Crs"
"1700801277-5615","https://www.etmoney.com/mutual-funds/explore","InternationalInvests in world's top stocks","https://www.etmoney.com/mutual-funds/equity/international/50","Kotak Global Innovation FoF","https://img.smartspends.com/static/images/amc_logo/kotak.png","₹928 Crs"
"1700801277-5616","https://www.etmoney.com/mutual-funds/explore","InternationalInvests in world's top stocks","https://www.etmoney.com/mutual-funds/equity/international/50","Kotak International REIT FOF","https://img.smartspends.com/static/images/amc_logo/kotak.png","₹77 Crs"
"1700801277-5617","https://www.etmoney.com/mutual-funds/explore","InternationalInvests in world's top stocks","https://www.etmoney.com/mutual-funds/equity/international/50","Kotak Nasdaq 100 FOF","https://img.smartspends.com/static/images/amc_logo/kotak.png","₹2,388 Crs"
"1700801277-5618","https://www.etmoney.com/mutual-funds/explore","InternationalInvests in world's top stocks","https://www.etmoney.com/mutual-funds/equity/international/50","Mahindra Manulife Asia Pacific REITs FoF","https://img.smartspends.com/static/images/amc_logo/mahindra-manu.png","₹23 Crs"
"1700801277-5619","https://www.etmoney.com/mutual-funds/explore","InternationalInvests in world's top stocks","https://www.etmoney.com/mutual-funds/equity/international/50","Mirae Asset Global Electric & Autonomous Vehicles ETFs FoF","https://img.smartspends.com/static/images/amc_logo/mirae.png","₹80 Crs"
"1700801277-5620","https://www.etmoney.com/mutual-funds/explore","InternationalInvests in world's top stocks","https://www.etmoney.com/mutual-funds/equity/international/50","Mirae Asset Global X Artificial Intelligence & Technology ETF FoF","https://img.smartspends.com/static/images/amc_logo/mirae.png","₹175 Crs"
"1700801277-5621","https://www.etmoney.com/mutual-funds/explore","InternationalInvests in world's top stocks","https://www.etmoney.com/mutual-funds/equity/international/50","Mirae Asset Hang Seng TECH ETF FoF","https://img.smartspends.com/static/images/amc_logo/mirae.png","₹85 Crs"
"1700801277-5622","https://www.etmoney.com/mutual-funds/explore","InternationalInvests in world's top stocks","https://www.etmoney.com/mutual-funds/equity/international/50","Mirae Asset NYSE FANG+ ETF FoF","https://img.smartspends.com/static/images/amc_logo/mirae.png","₹996 Crs"
"1700801277-5623","https://www.etmoney.com/mutual-funds/explore","InternationalInvests in world's top stocks","https://www.etmoney.com/mutual-funds/equity/international/50","Mirae Asset S&P 500 Top 50 ETF FoF","https://img.smartspends.com/static/images/amc_logo/mirae.png","₹411 Crs"
"1700801277-5624","https://www.etmoney.com/mutual-funds/explore","InternationalInvests in world's top stocks","https://www.etmoney.com/mutual-funds/equity/international/50","Motilal Oswal Developed Market Ex US ETFs FoF","https://img.smartspends.com/static/images/amc_logo/motilal-oswal.png","₹10 Crs"
"1700801277-5625","https://www.etmoney.com/mutual-funds/explore","InternationalInvests in world's top stocks","https://www.etmoney.com/mutual-funds/equity/international/50","Motilal Oswal Nasdaq 100 FOF Scheme","https://img.smartspends.com/static/images/amc_logo/motilal-oswal.png","₹3,813 Crs"
"1700801277-5626","https://www.etmoney.com/mutual-funds/explore","InternationalInvests in world's top stocks","https://www.etmoney.com/mutual-funds/equity/international/50","Navi NASDAQ 100 FoF","https://img.smartspends.com/static/images/amc_logo/navi.png","₹671 Crs"
"1700801277-5627","https://www.etmoney.com/mutual-funds/explore","InternationalInvests in world's top stocks","https://www.etmoney.com/mutual-funds/equity/international/50","Navi US Total Stock Market FoF","https://img.smartspends.com/static/images/amc_logo/navi.png","₹694 Crs"
"1700801277-5628","https://www.etmoney.com/mutual-funds/explore","InternationalInvests in world's top stocks","https://www.etmoney.com/mutual-funds/equity/international/50","Nippon India Taiwan Equity Fund","https://static.smartspends.com/static/images/short_providers_logos/nippon_mf.jpg","₹463 Crs"
"1700801277-5629","https://www.etmoney.com/mutual-funds/explore","InternationalInvests in world's top stocks","https://www.etmoney.com/mutual-funds/equity/international/50","PGIM India Global Select Real Estate Securities FoF","https://img.smartspends.com/static/images/amc_logo/pgim-india.png","₹72 Crs"
"1700801277-5630","https://www.etmoney.com/mutual-funds/explore","InternationalInvests in world's top stocks","https://www.etmoney.com/mutual-funds/equity/international/50","SBI International Access - US Equity FoF","https://img.smartspends.com/static/images/amc_logo/sbi.png","₹731 Crs"
"1700801279-5631","https://www.etmoney.com/mutual-funds/explore","Value OrientedInvests in under-valued stocks with upside potential","https://www.etmoney.com/mutual-funds/equity/value-oriented/37","JM Value Fund","https://img.smartspends.com/static/images/amc_logo/jm-financial.png","₹287 Crs"
"1700801279-5632","https://www.etmoney.com/mutual-funds/explore","Value OrientedInvests in under-valued stocks with upside potential","https://www.etmoney.com/mutual-funds/equity/value-oriented/37","Templeton India Value Fund","https://img.smartspends.com/static/images/amc_logo/franklin-templeton.png","₹1,360 Crs"
"1700801279-5633","https://www.etmoney.com/mutual-funds/explore","Value OrientedInvests in under-valued stocks with upside potential","https://www.etmoney.com/mutual-funds/equity/value-oriented/37","HSBC Value Fund","https://img.smartspends.com/static/images/amc_logo/hsbc.png","₹9,289 Crs"
"1700801279-5634","https://www.etmoney.com/mutual-funds/explore","Value OrientedInvests in under-valued stocks with upside potential","https://www.etmoney.com/mutual-funds/equity/value-oriented/37","ICICI Prudential Value Discovery Fund","https://img.smartspends.com/static/images/amc_logo/icici.png","₹32,494 Crs"
"1700801279-5635","https://www.etmoney.com/mutual-funds/explore","Value OrientedInvests in under-valued stocks with upside potential","https://www.etmoney.com/mutual-funds/equity/value-oriented/37","Nippon India Value Fund","https://static.smartspends.com/static/images/short_providers_logos/nippon_mf.jpg","₹5,639 Crs"
"1700801279-5636","https://www.etmoney.com/mutual-funds/explore","Value OrientedInvests in under-valued stocks with upside potential","https://www.etmoney.com/mutual-funds/equity/value-oriented/37","Aditya Birla Sun Life Pure Value Fund","https://img.smartspends.com/static/images/amc_logo/absl.png","₹4,717 Crs"
"1700801279-5637","https://www.etmoney.com/mutual-funds/explore","Value OrientedInvests in under-valued stocks with upside potential","https://www.etmoney.com/mutual-funds/equity/value-oriented/37","Tata Equity PE Fund","https://img.smartspends.com/static/images/amc_logo/tata.png","₹5,973 Crs"
"1700801279-5638","https://www.etmoney.com/mutual-funds/explore","Value OrientedInvests in under-valued stocks with upside potential","https://www.etmoney.com/mutual-funds/equity/value-oriented/37","HDFC Capital Builder Value Fund","https://img.smartspends.com/static/images/amc_logo/hdfc.png","₹5,636 Crs"
"1700801279-5639","https://www.etmoney.com/mutual-funds/explore","Value OrientedInvests in under-valued stocks with upside potential","https://www.etmoney.com/mutual-funds/equity/value-oriented/37","UTI Value Fund","https://img.smartspends.com/static/images/amc_logo/uti.png","₹7,418 Crs"
"1700801279-5640","https://www.etmoney.com/mutual-funds/explore","Value OrientedInvests in under-valued stocks with upside potential","https://www.etmoney.com/mutual-funds/equity/value-oriented/37","Quantum Long Term Equity Value Fund","https://img.smartspends.com/static/images/amc_logo/quantum.png","₹895 Crs"
"1700801279-5641","https://www.etmoney.com/mutual-funds/explore","Value OrientedInvests in under-valued stocks with upside potential","https://www.etmoney.com/mutual-funds/equity/value-oriented/37","Axis Value Fund","https://img.smartspends.com/static/images/amc_logo/axis.png","₹347 Crs"
"1700801279-5642","https://www.etmoney.com/mutual-funds/explore","Value OrientedInvests in under-valued stocks with upside potential","https://www.etmoney.com/mutual-funds/equity/value-oriented/37","Baroda BNP Paribas Value Fund","https://img.smartspends.com/static/images/amc_logo/baroda-bnp-paribas.png","₹1,485 Crs"
"1700801279-5643","https://www.etmoney.com/mutual-funds/explore","Value OrientedInvests in under-valued stocks with upside potential","https://www.etmoney.com/mutual-funds/equity/value-oriented/37","Canara Robeco Value Fund","https://img.smartspends.com/static/images/amc_logo/canara-robeco.png","₹922 Crs"
"1700801279-5644","https://www.etmoney.com/mutual-funds/explore","Value OrientedInvests in under-valued stocks with upside potential","https://www.etmoney.com/mutual-funds/equity/value-oriented/37","DSP Value Fund","https://img.smartspends.com/static/images/amc_logo/dsp.png","₹647 Crs"
"1700801279-5645","https://www.etmoney.com/mutual-funds/explore","Value OrientedInvests in under-valued stocks with upside potential","https://www.etmoney.com/mutual-funds/equity/value-oriented/37","Quant Value Fund","https://img.smartspends.com/static/images/amc_logo/quant.png","₹767 Crs"
"1700801279-5646","https://www.etmoney.com/mutual-funds/explore","Value OrientedInvests in under-valued stocks with upside potential","https://www.etmoney.com/mutual-funds/equity/value-oriented/37","Union Value Discovery Fund","https://static.smartspends.com/static/images/amc_logo/hdpi/union-amc.png","₹172 Crs"
"1700801283-5647","https://www.etmoney.com/mutual-funds/explore","FocusedInvests in top stocks in specific industry/segment","https://www.etmoney.com/mutual-funds/equity/focused/77","Quant Focused Fund","https://img.smartspends.com/static/images/amc_logo/quant.png","₹417 Crs"
"1700801283-5648","https://www.etmoney.com/mutual-funds/explore","FocusedInvests in top stocks in specific industry/segment","https://www.etmoney.com/mutual-funds/equity/focused/77","ICICI Prudential Focused Equity Fund","https://img.smartspends.com/static/images/amc_logo/icici.png","₹5,589 Crs"
"1700801283-5649","https://www.etmoney.com/mutual-funds/explore","FocusedInvests in top stocks in specific industry/segment","https://www.etmoney.com/mutual-funds/equity/focused/77","Nippon India Focused Equity Fund","https://static.smartspends.com/static/images/short_providers_logos/nippon_mf.jpg","₹6,903 Crs"
"1700801283-5650","https://www.etmoney.com/mutual-funds/explore","FocusedInvests in top stocks in specific industry/segment","https://www.etmoney.com/mutual-funds/equity/focused/77","Franklin India Focused Equity Fund","https://img.smartspends.com/static/images/amc_logo/franklin-templeton.png","₹9,237 Crs"
"1700801283-5651","https://www.etmoney.com/mutual-funds/explore","FocusedInvests in top stocks in specific industry/segment","https://www.etmoney.com/mutual-funds/equity/focused/77","JM Focused Fund","https://img.smartspends.com/static/images/amc_logo/jm-financial.png","₹56 Crs"
"1700801283-5652","https://www.etmoney.com/mutual-funds/explore","FocusedInvests in top stocks in specific industry/segment","https://www.etmoney.com/mutual-funds/equity/focused/77","Sundaram Focused Fund","https://img.smartspends.com/static/images/amc_logo/sundaram.png","₹893 Crs"
"1700801283-5653","https://www.etmoney.com/mutual-funds/explore","FocusedInvests in top stocks in specific industry/segment","https://www.etmoney.com/mutual-funds/equity/focused/77","SBI Focused Equity Fund","https://img.smartspends.com/static/images/amc_logo/sbi.png","₹29,317 Crs"
"1700801283-5654","https://www.etmoney.com/mutual-funds/explore","FocusedInvests in top stocks in specific industry/segment","https://www.etmoney.com/mutual-funds/equity/focused/77","Baroda BNP Paribas Focused Fund","https://img.smartspends.com/static/images/amc_logo/baroda-bnp-paribas.png","₹420 Crs"
"1700801283-5655","https://www.etmoney.com/mutual-funds/explore","FocusedInvests in top stocks in specific industry/segment","https://www.etmoney.com/mutual-funds/equity/focused/77","DSP Focus Fund","https://img.smartspends.com/static/images/amc_logo/dsp.png","₹1,914 Crs"
"1700801283-5656","https://www.etmoney.com/mutual-funds/explore","FocusedInvests in top stocks in specific industry/segment","https://www.etmoney.com/mutual-funds/equity/focused/77","Bandhan Focused Equity Fund","https://img.smartspends.com/static/images/amc_logo/bandhan.png","₹1,291 Crs"
"1700801283-5657","https://www.etmoney.com/mutual-funds/explore","FocusedInvests in top stocks in specific industry/segment","https://www.etmoney.com/mutual-funds/equity/focused/77","Aditya Birla Sun Life Focused Fund","https://img.smartspends.com/static/images/amc_logo/absl.png","₹6,047 Crs"
"1700801283-5658","https://www.etmoney.com/mutual-funds/explore","FocusedInvests in top stocks in specific industry/segment","https://www.etmoney.com/mutual-funds/equity/focused/77","Motilal Oswal Focused Fund","https://img.smartspends.com/static/images/amc_logo/motilal-oswal.png","₹1,651 Crs"
"1700801283-5659","https://www.etmoney.com/mutual-funds/explore","FocusedInvests in top stocks in specific industry/segment","https://www.etmoney.com/mutual-funds/equity/focused/77","Axis Focused 25 Fund","https://img.smartspends.com/static/images/amc_logo/axis.png","₹13,653 Crs"
"1700801283-5660","https://www.etmoney.com/mutual-funds/explore","FocusedInvests in top stocks in specific industry/segment","https://www.etmoney.com/mutual-funds/equity/focused/77","Canara Robeco Focused Equity Fund","https://img.smartspends.com/static/images/amc_logo/canara-robeco.png","₹1,895 Crs"
"1700801283-5661","https://www.etmoney.com/mutual-funds/explore","FocusedInvests in top stocks in specific industry/segment","https://www.etmoney.com/mutual-funds/equity/focused/77","Edelweiss Focused Equity Fund","https://img.smartspends.com/static/images/amc_logo/edelweiss.png","₹581 Crs"
"1700801283-5662","https://www.etmoney.com/mutual-funds/explore","FocusedInvests in top stocks in specific industry/segment","https://www.etmoney.com/mutual-funds/equity/focused/77","HSBC Focused Fund","https://img.smartspends.com/static/images/amc_logo/hsbc.png","₹1,376 Crs"
"1700801283-5663","https://www.etmoney.com/mutual-funds/explore","FocusedInvests in top stocks in specific industry/segment","https://www.etmoney.com/mutual-funds/equity/focused/77","Invesco India Focused 20 Equity Fund","https://img.smartspends.com/static/images/amc_logo/invesco.png","₹1,722 Crs"
"1700801283-5664","https://www.etmoney.com/mutual-funds/explore","FocusedInvests in top stocks in specific industry/segment","https://www.etmoney.com/mutual-funds/equity/focused/77","Kotak Focused Equity Fund","https://img.smartspends.com/static/images/amc_logo/kotak.png","₹2,687 Crs"
"1700801283-5665","https://www.etmoney.com/mutual-funds/explore","FocusedInvests in top stocks in specific industry/segment","https://www.etmoney.com/mutual-funds/equity/focused/77","Mahindra Manulife Focused Fund","https://img.smartspends.com/static/images/amc_logo/mahindra-manu.png","₹862 Crs"
"1700801283-5666","https://www.etmoney.com/mutual-funds/explore","FocusedInvests in top stocks in specific industry/segment","https://www.etmoney.com/mutual-funds/equity/focused/77","Mirae Asset Focused Fund","https://img.smartspends.com/static/images/amc_logo/mirae.png","₹8,678 Crs"
"1700801283-5667","https://www.etmoney.com/mutual-funds/explore","FocusedInvests in top stocks in specific industry/segment","https://www.etmoney.com/mutual-funds/equity/focused/77","Tata Focused Equity Fund","https://img.smartspends.com/static/images/amc_logo/tata.png","₹1,378 Crs"
"1700801283-5668","https://www.etmoney.com/mutual-funds/explore","FocusedInvests in top stocks in specific industry/segment","https://www.etmoney.com/mutual-funds/equity/focused/77","UTI Focused Fund","https://img.smartspends.com/static/images/amc_logo/uti.png","₹2,211 Crs"
"1700801283-5669","https://www.etmoney.com/mutual-funds/explore","FocusedInvests in top stocks in specific industry/segment","https://www.etmoney.com/mutual-funds/equity/focused/77","Union Focused Fund","https://static.smartspends.com/static/images/amc_logo/hdpi/union-amc.png","₹344 Crs"
"1700801286-5670","https://www.etmoney.com/mutual-funds/explore","Flexi CapInvests across large, mid and small-cap stocks","https://www.etmoney.com/mutual-funds/equity/flexi-cap/79","JM Flexicap Fund","https://img.smartspends.com/static/images/amc_logo/jm-financial.png","₹718 Crs"
"1700801286-5671","https://www.etmoney.com/mutual-funds/explore","Flexi CapInvests across large, mid and small-cap stocks","https://www.etmoney.com/mutual-funds/equity/flexi-cap/79","Parag Parikh Flexi Cap Fund","https://img.smartspends.com/static/images/amc_logo/ppfas.png","₹44,038 Crs"
"1700801286-5672","https://www.etmoney.com/mutual-funds/explore","Flexi CapInvests across large, mid and small-cap stocks","https://www.etmoney.com/mutual-funds/equity/flexi-cap/79","HDFC Flexi Cap Fund","https://img.smartspends.com/static/images/amc_logo/hdfc.png","₹39,396 Crs"
"1700801286-5673","https://www.etmoney.com/mutual-funds/explore","Flexi CapInvests across large, mid and small-cap stocks","https://www.etmoney.com/mutual-funds/equity/flexi-cap/79","Franklin India Flexi Cap Fund","https://img.smartspends.com/static/images/amc_logo/franklin-templeton.png","₹11,940 Crs"
"1700801286-5674","https://www.etmoney.com/mutual-funds/explore","Flexi CapInvests across large, mid and small-cap stocks","https://www.etmoney.com/mutual-funds/equity/flexi-cap/79","Union Flexi Cap Fund","https://static.smartspends.com/static/images/amc_logo/hdpi/union-amc.png","₹1,621 Crs"
"1700801286-5675","https://www.etmoney.com/mutual-funds/explore","Flexi CapInvests across large, mid and small-cap stocks","https://www.etmoney.com/mutual-funds/equity/flexi-cap/79","PGIM India Flexi Cap Fund","https://img.smartspends.com/static/images/amc_logo/pgim-india.png","₹5,633 Crs"
"1700801286-5676","https://www.etmoney.com/mutual-funds/explore","Flexi CapInvests across large, mid and small-cap stocks","https://www.etmoney.com/mutual-funds/equity/flexi-cap/79","Edelweiss Flexi Cap Fund","https://img.smartspends.com/static/images/amc_logo/edelweiss.png","₹1,297 Crs"
"1700801286-5677","https://www.etmoney.com/mutual-funds/explore","Flexi CapInvests across large, mid and small-cap stocks","https://www.etmoney.com/mutual-funds/equity/flexi-cap/79","DSP Flexi Cap Fund","https://img.smartspends.com/static/images/amc_logo/dsp.png","₹8,856 Crs"
"1700801286-5678","https://www.etmoney.com/mutual-funds/explore","Flexi CapInvests across large, mid and small-cap stocks","https://www.etmoney.com/mutual-funds/equity/flexi-cap/79","Navi Flexi Cap Fund","https://img.smartspends.com/static/images/amc_logo/navi.png","₹225 Crs"
"1700801286-5679","https://www.etmoney.com/mutual-funds/explore","Flexi CapInvests across large, mid and small-cap stocks","https://www.etmoney.com/mutual-funds/equity/flexi-cap/79","HSBC Flexi Cap Fund","https://img.smartspends.com/static/images/amc_logo/hsbc.png","₹3,504 Crs"
"1700801286-5680","https://www.etmoney.com/mutual-funds/explore","Flexi CapInvests across large, mid and small-cap stocks","https://www.etmoney.com/mutual-funds/equity/flexi-cap/79","Canara Robeco Flexi Cap Fund","https://img.smartspends.com/static/images/amc_logo/canara-robeco.png","₹10,084 Crs"
"1700801286-5681","https://www.etmoney.com/mutual-funds/explore","Flexi CapInvests across large, mid and small-cap stocks","https://www.etmoney.com/mutual-funds/equity/flexi-cap/79","Aditya Birla Sun Life Flexi Cap Fund","https://img.smartspends.com/static/images/amc_logo/absl.png","₹17,029 Crs"
"1700801286-5682","https://www.etmoney.com/mutual-funds/explore","Flexi CapInvests across large, mid and small-cap stocks","https://www.etmoney.com/mutual-funds/equity/flexi-cap/79","Tata Flexi Cap Fund","https://img.smartspends.com/static/images/amc_logo/tata.png","₹2,355 Crs"
"1700801286-5683","https://www.etmoney.com/mutual-funds/explore","Flexi CapInvests across large, mid and small-cap stocks","https://www.etmoney.com/mutual-funds/equity/flexi-cap/79","SBI Flexicap Fund","https://img.smartspends.com/static/images/amc_logo/sbi.png","₹17,570 Crs"
"1700801286-5684","https://www.etmoney.com/mutual-funds/explore","Flexi CapInvests across large, mid and small-cap stocks","https://www.etmoney.com/mutual-funds/equity/flexi-cap/79","Kotak Flexicap Fund","https://img.smartspends.com/static/images/amc_logo/kotak.png","₹39,269 Crs"
"1700801286-5685","https://www.etmoney.com/mutual-funds/explore","Flexi CapInvests across large, mid and small-cap stocks","https://www.etmoney.com/mutual-funds/equity/flexi-cap/79","Bandhan Flexi Cap Fund","https://img.smartspends.com/static/images/amc_logo/bandhan.png","₹5,967 Crs"
"1700801286-5686","https://www.etmoney.com/mutual-funds/explore","Flexi CapInvests across large, mid and small-cap stocks","https://www.etmoney.com/mutual-funds/equity/flexi-cap/79","LIC MF Flexi Cap Fund","https://img.smartspends.com/static/images/amc_logo/lic.png","₹844 Crs"
"1700801286-5687","https://www.etmoney.com/mutual-funds/explore","Flexi CapInvests across large, mid and small-cap stocks","https://www.etmoney.com/mutual-funds/equity/flexi-cap/79","UTI Flexi Cap Fund","https://img.smartspends.com/static/images/amc_logo/uti.png","₹24,370 Crs"
"1700801286-5688","https://www.etmoney.com/mutual-funds/explore","Flexi CapInvests across large, mid and small-cap stocks","https://www.etmoney.com/mutual-funds/equity/flexi-cap/79","Motilal Oswal Flexi Cap Fund","https://img.smartspends.com/static/images/amc_logo/motilal-oswal.png","₹8,109 Crs"
"1700801286-5689","https://www.etmoney.com/mutual-funds/explore","Flexi CapInvests across large, mid and small-cap stocks","https://www.etmoney.com/mutual-funds/equity/flexi-cap/79","Axis Flexi Cap Fund","https://img.smartspends.com/static/images/amc_logo/axis.png","₹10,605 Crs"
"1700801286-5690","https://www.etmoney.com/mutual-funds/explore","Flexi CapInvests across large, mid and small-cap stocks","https://www.etmoney.com/mutual-funds/equity/flexi-cap/79","Bank of India Flexi Cap Fund","https://static.smartspends.com/static/images/short_providers_logos/Bank_of_India.png","₹427 Crs"
"1700801286-5691","https://www.etmoney.com/mutual-funds/explore","Flexi CapInvests across large, mid and small-cap stocks","https://www.etmoney.com/mutual-funds/equity/flexi-cap/79","Baroda BNP Paribas Flexi Cap Fund","https://img.smartspends.com/static/images/amc_logo/baroda-bnp-paribas.png","₹1,185 Crs"
"1700801286-5692","https://www.etmoney.com/mutual-funds/explore","Flexi CapInvests across large, mid and small-cap stocks","https://www.etmoney.com/mutual-funds/equity/flexi-cap/79","ICICI Prudential Flexicap Fund","https://img.smartspends.com/static/images/amc_logo/icici.png","₹12,009 Crs"
"1700801286-5693","https://www.etmoney.com/mutual-funds/explore","Flexi CapInvests across large, mid and small-cap stocks","https://www.etmoney.com/mutual-funds/equity/flexi-cap/79","Invesco India Flexi Cap Fund","https://img.smartspends.com/static/images/amc_logo/invesco.png","₹1,112 Crs"
"1700801286-5694","https://www.etmoney.com/mutual-funds/explore","Flexi CapInvests across large, mid and small-cap stocks","https://www.etmoney.com/mutual-funds/equity/flexi-cap/79","Mahindra Manulife Flexi Cap Fund","https://img.smartspends.com/static/images/amc_logo/mahindra-manu.png","₹1,023 Crs"
"1700801286-5695","https://www.etmoney.com/mutual-funds/explore","Flexi CapInvests across large, mid and small-cap stocks","https://www.etmoney.com/mutual-funds/equity/flexi-cap/79","Mirae Asset Flexi Cap Fund","https://img.smartspends.com/static/images/amc_logo/mirae.png","₹1,222 Crs"
"1700801286-5696","https://www.etmoney.com/mutual-funds/explore","Flexi CapInvests across large, mid and small-cap stocks","https://www.etmoney.com/mutual-funds/equity/flexi-cap/79","Nippon India Flexi Cap Fund","https://static.smartspends.com/static/images/short_providers_logos/nippon_mf.jpg","₹4,845 Crs"
"1700801286-5697","https://www.etmoney.com/mutual-funds/explore","Flexi CapInvests across large, mid and small-cap stocks","https://www.etmoney.com/mutual-funds/equity/flexi-cap/79","Sundaram Flexi Cap Fund","https://img.smartspends.com/static/images/amc_logo/sundaram.png","₹1,980 Crs"
"1700801286-5698","https://www.etmoney.com/mutual-funds/explore","Flexi CapInvests across large, mid and small-cap stocks","https://www.etmoney.com/mutual-funds/equity/flexi-cap/79","WhiteOak Capital Flexi Cap Fund","https://static.smartspends.com/static/images/amc_logo/hdpi/white-oak.png","₹2,375 Crs"
"1700801288-5699","https://www.etmoney.com/mutual-funds/explore","Multi CapInvests in stocks across market cap","https://www.etmoney.com/mutual-funds/equity/multi-cap/34","Nippon India Multi Cap Fund","https://static.smartspends.com/static/images/short_providers_logos/nippon_mf.jpg","₹20,916 Crs"
"1700801288-5700","https://www.etmoney.com/mutual-funds/explore","Multi CapInvests in stocks across market cap","https://www.etmoney.com/mutual-funds/equity/multi-cap/34","Mahindra Manulife Multi Cap Fund","https://img.smartspends.com/static/images/amc_logo/mahindra-manu.png","₹2,205 Crs"
"1700801288-5701","https://www.etmoney.com/mutual-funds/explore","Multi CapInvests in stocks across market cap","https://www.etmoney.com/mutual-funds/equity/multi-cap/34","Invesco India Multicap Fund","https://img.smartspends.com/static/images/amc_logo/invesco.png","₹2,675 Crs"
"1700801288-5702","https://www.etmoney.com/mutual-funds/explore","Multi CapInvests in stocks across market cap","https://www.etmoney.com/mutual-funds/equity/multi-cap/34","ICICI Prudential Multicap Fund","https://img.smartspends.com/static/images/amc_logo/icici.png","₹8,761 Crs"
"1700801288-5703","https://www.etmoney.com/mutual-funds/explore","Multi CapInvests in stocks across market cap","https://www.etmoney.com/mutual-funds/equity/multi-cap/34","Sundaram Multi Cap Fund","https://img.smartspends.com/static/images/amc_logo/sundaram.png","₹2,040 Crs"
"1700801288-5704","https://www.etmoney.com/mutual-funds/explore","Multi CapInvests in stocks across market cap","https://www.etmoney.com/mutual-funds/equity/multi-cap/34","Aditya Birla Sun Life Multi-Cap Fund","https://img.smartspends.com/static/images/amc_logo/absl.png","₹4,364 Crs"
"1700801288-5705","https://www.etmoney.com/mutual-funds/explore","Multi CapInvests in stocks across market cap","https://www.etmoney.com/mutual-funds/equity/multi-cap/34","Axis Multicap Fund","https://img.smartspends.com/static/images/amc_logo/axis.png","₹4,258 Crs"
"1700801288-5706","https://www.etmoney.com/mutual-funds/explore","Multi CapInvests in stocks across market cap","https://www.etmoney.com/mutual-funds/equity/multi-cap/34","Bandhan Multi Cap Fund","https://img.smartspends.com/static/images/amc_logo/bandhan.png","₹1,533 Crs"
"1700801288-5707","https://www.etmoney.com/mutual-funds/explore","Multi CapInvests in stocks across market cap","https://www.etmoney.com/mutual-funds/equity/multi-cap/34","Bank of India Multi Cap Fund","https://static.smartspends.com/static/images/short_providers_logos/Bank_of_India.png","₹306 Crs"
"1700801288-5708","https://www.etmoney.com/mutual-funds/explore","Multi CapInvests in stocks across market cap","https://www.etmoney.com/mutual-funds/equity/multi-cap/34","Canara Robeco Multi Cap Fund","https://img.smartspends.com/static/images/amc_logo/canara-robeco.png","₹1,681 Crs"
"1700801288-5709","https://www.etmoney.com/mutual-funds/explore","Multi CapInvests in stocks across market cap","https://www.etmoney.com/mutual-funds/equity/multi-cap/34","Edelweiss Multi Cap Fund","https://img.smartspends.com/static/images/amc_logo/edelweiss.png","₹992 Crs"
"1700801288-5710","https://www.etmoney.com/mutual-funds/explore","Multi CapInvests in stocks across market cap","https://www.etmoney.com/mutual-funds/equity/multi-cap/34","HDFC Multi Cap Fund","https://img.smartspends.com/static/images/amc_logo/hdfc.png","₹8,962 Crs"
"1700801288-5711","https://www.etmoney.com/mutual-funds/explore","Multi CapInvests in stocks across market cap","https://www.etmoney.com/mutual-funds/equity/multi-cap/34","Kotak Multicap Fund","https://img.smartspends.com/static/images/amc_logo/kotak.png","₹6,354 Crs"
"1700801288-5712","https://www.etmoney.com/mutual-funds/explore","Multi CapInvests in stocks across market cap","https://www.etmoney.com/mutual-funds/equity/multi-cap/34","LIC MF Multi Cap Fund","https://img.smartspends.com/static/images/amc_logo/lic.png","₹681 Crs"
"1700801288-5713","https://www.etmoney.com/mutual-funds/explore","Multi CapInvests in stocks across market cap","https://www.etmoney.com/mutual-funds/equity/multi-cap/34","Mirae Asset Multicap Fund","https://img.smartspends.com/static/images/amc_logo/mirae.png","₹1,731 Crs"
"1700801288-5714","https://www.etmoney.com/mutual-funds/explore","Multi CapInvests in stocks across market cap","https://www.etmoney.com/mutual-funds/equity/multi-cap/34","SBI Multicap Fund","https://img.smartspends.com/static/images/amc_logo/sbi.png","₹12,958 Crs"
"1700801288-5715","https://www.etmoney.com/mutual-funds/explore","Multi CapInvests in stocks across market cap","https://www.etmoney.com/mutual-funds/equity/multi-cap/34","Tata Multicap Fund","https://img.smartspends.com/static/images/amc_logo/tata.png","₹2,473 Crs"
"1700801288-5716","https://www.etmoney.com/mutual-funds/explore","Multi CapInvests in stocks across market cap","https://www.etmoney.com/mutual-funds/equity/multi-cap/34","Union Multicap Fund","https://static.smartspends.com/static/images/amc_logo/hdpi/union-amc.png","₹618 Crs"
